,Product_Name,Price,Rating,No_Of_Reviews
0,Find Your Happy Place Liquid Gel Hand Wash Lazy Weekends Sweet Almond And Vanilla Bean 9.5 fl oz,$3.97,4.4 out of 5 Stars,103 reviews
1,Find Your Happy Place Liquid Gel Hand Wash Wrapped In Your Arms Blush Rose and Magnolia 9.5 fl oz,$3.97,4.7 out of 5 Stars,70 reviews
2,"Equate Moisturizing Hand Sanitizer with Vitamin E, 34 fl oz",$5.46,4 out of 5 Stars,3141 reviews
3,"Dial Antibacterial Liquid Hand Soap, Pomegranate Tangerine, 7.5 Ounce (Pack of 10)",$11.89,4.7 out of 5 Stars,369 reviews
4,"Dial Complete Antibacterial Liquid Hand Soap, Spring Water, 11 fl oz (Pack of 4)",$7.88,3.4 out of 5 Stars,8452 reviews
5,barr-co reserve liquid hand soap 16oz,$34.00,4.5 out of 5 Stars,437 reviews
6,"Equate Moisturizing Hand Sanitizer, 60 fl oz",$7.46,4.7 out of 5 Stars,291 reviews
7,"Softsoap Antibacterial Liquid Hand Soap Refill, Crisp Clean - 32 Fluid Ounce",$17.72,4.6 out of 5 Stars,206 reviews
8,"(6 Pack) Softsoap Liquid Hand Soap Pump, Lavender & Chamomile -11.25 Oz",$11.88,4.7 out of 5 Stars,329 reviews
9,PURELL Advanced Hand Sanitizer - 12 fl oz Table Top Pump Bottle,$10.99,4.8 out of 5 Stars,51 reviews
10,"Find Your Happy Place Liquid Gel Hand Wash, Catching the Sunrise Mango And Sparkling Citrus, 9.5 fl oz",$3.97,4.7 out of 5 Stars,81 reviews
11,"ECOS PL9665/04 1 gal. Liquid Hand Soap Jug, PK 1",$29.97,4.8 out of 5 Stars,5 reviews
12,"ECOS Hypoallergenic Hand Soap, Lavender, 17 Oz",$3.99,4.7 out of 5 Stars,41 reviews
13,"Mrs. Meyers Clean Day Hand Soap, Olive Oil & Aloe Vera, Honeysuckle 12.5 oz (Pack of 3)",$16.59,4.6 out of 5 Stars,92 reviews
14,"Jergens Extra Moisturizing Hand Wash, Cherry-Almond, 7.5 oz (Pack of 6)",$15.67,4.6 out of 5 Stars,44 reviews
15,"Mrs. Meyer's Liquid Hand Soap, Snow Drop, 12.5 OZ (Pack of 3)",$16.97,4.2 out of 5 Stars,14 reviews
16,"A La Maison de Provence French Liquid So ap, Lavender Aloe, 16.9 Fl Oz",$7.00,4.6 out of 5 Stars,178 reviews
17,"method Gel Hand Soap Refill, Sweet Water, 34 fl oz",$15.77,4.8 out of 5 Stars,41 reviews
18,"(6 Pk) Wet Ones Antibacterial Hand Wipes Singles, Tropical Splash, 24 Ct",From $5.40,4.8 out of 5 Stars,159 reviews
19,A La Maison - Liquid Hand Soap - Rosemary Mint - 33.8 Fl Oz.,$18.86,4.8 out of 5 Stars,4 reviews
20,Sage Products Essential Bath Soft Pack 8 Pack,$7.37,4.7 out of 5 Stars,3 reviews
21,"J.R. Watkins Foam Hand Soap, Lemon, 9 oz",$10.72,4.8 out of 5 Stars,11 reviews
22,"hibiclens antiseptic/antimicrobial skin liquid soap, 32 fluid ounce",$19.99,5 out of 5 Stars,10 reviews
23,"Dial Antibacterial Liquid Hand Soap, Pomegranate Tangerine, 7.5 Ounce (Pack of 2)",$11.95,5 out of 5 Stars,3 reviews
24,Mrs. Meyers Liquid Hand Soap Refill Lemon Verbena 33 Ounces,$18.22,3.6 out of 5 Stars,5 reviews
25,"Softsoap Liquid Hand Soap for Sensitive Skin, Hypoallergenic Soap, Gently Lavender - 13 ounces (4 Pack)",$30.09,4.3 out of 5 Stars,390 reviews
26,"method Foaming Hand Soap, Orange Ginger, 10 Fluid Ounce",$11.92,5 out of 5 Stars,4 reviews
27,"(Twin Pack) Softsoap Liquid Hand Soap Refill, Aquarium, 50 oz",$28.35,4.8 out of 5 Stars,34 reviews
28,Cleanlife Products No-rinse Bathing Wipes Alcohol-Free 8 x 8 Inch - 10 Packs of 8 Wipes (80 Count),$36.90,5 out of 5 Stars,2 reviews
29,"method Gel Hand Soap Refill, Sea Minerals, 34 fl oz",$17.44,5 out of 5 Stars,14 reviews
30,Phisoderm Deep Clean Cream Cleanser Normal to Dry Skin 6 fl Oz,$6.63,4.9 out of 5 Stars,29 reviews
31,"Jergens Extra Moisturizing Hand Wash, 7.5 Fl Oz",$6.12,5 out of 5 Stars,4 reviews
32,"Rubbermaid Commercial Autofoam Hand Soap Refill, Lotion Soap with Moisturizer, 1100mL, 4/Carton",$27.99,3.8 out of 5 Stars,4 reviews
33,"Dial Complete Antibacterial Foaming Hand Wash Refill, Soothing White Tea, 32 fl oz",$10.72,5 out of 5 Stars,1 reviews
34,"PURELL Advanced Refreshing Aloe Hand Sanitizer, 8 fl oz, (Pack of 6)",$29.84,5 out of 5 Stars,2 reviews
35,"Method Foaming Hand Soap, French Lavender, 10 Ounce",$5.31,4.1 out of 5 Stars,13 reviews
36,"method Foaming Hand Soap, Orange Ginger, 10 Fluid Ounce",$11.92,5 out of 5 Stars,4 reviews
37,"(Twin Pack) Softsoap Liquid Hand Soap Refill, Aquarium, 50 oz",$28.35,4.8 out of 5 Stars,34 reviews
38,"Mrs. Meyers Liquid Hand Soap Refill, Basil, 33 fl oz Pack of 1",$13.04,4.8 out of 5 Stars,12 reviews
39,"Coghlan's 4 fl. oz. Camp Soap For Washing Hands, Cleaning Dishes and Gear",$3.99,5 out of 5 Stars,3 reviews
40,"Everyone Hand Soap Spearmint & Lemongrass, 12.75 oz (3-Pack)",$22.32,4.9 out of 5 Stars,10 reviews
41,"Softsoap Brand Clear Hand Soap Refill (80 oz. bottles, 2 pack)",$25.49,4.8 out of 5 Stars,25 reviews
42,"Method Foaming Hand Soap Refill, Sea Minerals, 28 Ounce",$21.36,4.7 out of 5 Stars,50 reviews
43,"Softsoap Liquid Hand Soap for Sensitive Skin, Hypoallergenic Soap, Gently Coconut - 13 ounces (4 Pack)",$28.00,4.5 out of 5 Stars,2 reviews
44,"method Foaming Hand Soap, Orange Ginger, 10 Fluid Ounce",$11.92,5 out of 5 Stars,4 reviews
45,"Dial Liquid Hand Soap, Vanilla Honey 7.50 oz (Pack of 3)",$10.61,4 out of 5 Stars,3 reviews
46,"Soapbox Coconut Milk & Sandalwood Deep Moisture Liquid Hand Soap with Shea Butter, 12 Oz Pump",$10.88,4.5 out of 5 Stars,6 reviews
47,"Dial, DIA82838, Sensitive Skin Antimicrobial Soap Refill, 1 Each, Clear",$23.72,4 out of 5 Stars,3 reviews
48,"Olay Ultra Moisture Shea Butter Body Wash, 13.5 oz",$13.99,4.2 out of 5 Stars,98047 reviews
49,"PURELL GOJ903106, Alcohol Hand Sanitizing Wipes, 1 Each, White",From $19.99,5 out of 5 Stars,5 reviews
50,GOJO Luxury Foaming Hand Soap Refill Cranberry 42 Fl. Oz.,$20.71,1 out of 5 Stars,1 reviews
51,"Authentic African Black Soap All-In-One, Wild Lavender 32 fl oz",$14.20,5 out of 5 Stars,9 reviews
52,"Dial Antibacterial Liquid Hand Soap, Pomegranate Tangerine, 7.5 Ounce (Pack of 3)",$19.94,3.3 out of 5 Stars,4 reviews
53,"2 Pack - Antibacterial Hand Wipes Singles, Fresh Scent 24 ea",$11.44,4.9 out of 5 Stars,37 reviews
54,"Mrs. Meyers Clean Day Liquid Hand Soap 6 Scent Variety Pack, 12.5 OZ each (Pack of 6)",$32.95,4.2 out of 5 Stars,971 reviews
55,"Softsoap, CPC04206CT, Antibacterial Kitchen Fresh Hands Soap, 6 / Carton, Yellow",$24.93,1 out of 5 Stars,1 reviews
56,OATEY COMPANY 45333 70CT Hercule Hand Towel,$28.23,4.8 out of 5 Stars,62 reviews
57,"Toms of Maine Prebiotic Liquid Hand Soap, Peppermint, 12oz",$9.51,3 out of 5 Stars,2 reviews
58,GOJO Industries 9212-12 Ultra Mild Floral Balsam Scent 800 mL Lotion Soap Refill for Bag-in-Box Dispenser (12/Carton),$102.31,4.2 out of 5 Stars,13 reviews
59,Fast Orange Natural Orange Citrus Hand Cleaner Smooth 7.5 fl oz,$8.54,5 out of 5 Stars,1 reviews
60,"ECOS PRO Liquid Hand Soap,1 gal.,Orange Blossom PL9484/04",$26.22,4 out of 5 Stars,6 reviews
61,"Superfy Hand Sanitizer Wipes 75% Alcohol Based Disposable Wet Wipe, 60 ct, Pack of 3",$18.90,3.4 out of 5 Stars,5 reviews
62,"Softsoap Antibacterial Hand Soap with Moisturizers, Crisp Clean 5.50 oz (Pack of 4)",$11.14,5 out of 5 Stars,2 reviews
63,"Softsoap Moisturizing Hand Soap with Aloe, Gallon Refill, Each",$22.99,5 out of 5 Stars,28 reviews
64,"Maple Holistics All Natural Essential Oil Antibacterial Hand Soap with Pump, 8oz",$7.95,1 out of 5 Stars,1 reviews
65,Soothing Aloe Vera Moisturing Hand Soap Refill - Makes Hands Soft & Silky 56oz,$33.95,5 out of 5 Stars,2 reviews
66,"Dial Antibacterial Liquid Hand Soap, Spring Water, 7.5 Ounce (Pack of 2)",$10.34,5 out of 5 Stars,4 reviews
67,"Dial Antibacterial Liquid Hand Soap, Spring Water, 7.5 Ounce (Pack of 3)",$14.54,4.3 out of 5 Stars,3 reviews
68,"Dial Antibacterial Liquid Hand Soap, Spring Water, 7.5 Ounce (Pack of 10)",$23.94,4.5 out of 5 Stars,90 reviews
69,"j.r. watkins hand soap, gel, 11 fl oz, lemon (6 pack)",$33.06,4.5 out of 5 Stars,2 reviews
70,"Dial Antibacterial Liquid Hand Soap, White Tea, 7.5 Ounce (Pack of 2)",$11.65,4.6 out of 5 Stars,44 reviews
71,"Dial Antibacterial Liquid Hand Soap, White Tea, 7.5 Ounce (Pack of 3)",$19.00,4.2 out of 5 Stars,265 reviews
72,"Dial Antibacterial Liquid Hand Soap, White Tea, 7.5 Ounce (Pack of 10)",$28.00,3 out of 5 Stars,2 reviews
73,"Mrs. Meyer's Clean Day Liquid Hand Soap, Iowa Pine Scent, 12.5 Ounce Bottle",$22.42,4.8 out of 5 Stars,73 reviews
74,Dial Antibacterial Hand Soap with Moisturizer Himalayan Pink Salt & Water Lily 7.50 oz (Pack of 4),$10.35,3.4 out of 5 Stars,5 reviews
75,"McKesson Sanitizing Skin Wipe 5 x 7"" 269, 10 Pack 1000 Wipes",From $10.42,5 out of 5 Stars,1 reviews
76,"Defense Liquid Foaming Face & Hand Soap 32 Fl Oz Refill with Tea Tree, Eucaluptus, Jojoba, Aloe Vera, Olive & Coconut Oils",$31.99,4.7 out of 5 Stars,16 reviews
77,Defense Soap Foaming Face and Hand Soap - Original,$12.99,5 out of 5 Stars,3 reviews
78,"Grime Boss Fishing Wipes, 24 Count",$4.46,4.8 out of 5 Stars,26 reviews
79,"Softsoap Antibacterial Hand Soap with Moisturizers, Fresh Citrus 5.50 oz (Pack of 2)",$7.41,5 out of 5 Stars,1 reviews
80,A La Maison - French Liquid Soap Cherry Blossom - 1 Each - 16.9 FZ,$13.22,5 out of 5 Stars,1 reviews
81,Alteya Organic Liquid Soap Citrus & Mint 8.5 Fl. Oz NEW,$7.95,4.7 out of 5 Stars,46 reviews
82,"Liquid Hand Soap Coconut 17 Oz by Live Clean, Pack of 2",$20.00,5 out of 5 Stars,2 reviews
83,"Purell Healthy Soap Gentle & Free Soap 1,200 mL Refill Bottle 2 Ct",$52.29,3 out of 5 Stars,2 reviews
84,"HighFive Pink Lotion Hand Soap, Spice Scent, 1 Gallon",$19.49,4 out of 5 Stars,6 reviews
85,J.R Watkins Aloe & Green Tea Gel Hand Soap 11 oz (Pack of 4),$23.78,5 out of 5 Stars,1 reviews
86,Bedside-Care EasiCleanse 30 Count,From $14.64,4.3 out of 5 Stars,3 reviews
87,GOJO 1/2 Gallon Pump Bottle Clear Red Cherry Scented Pumice Hand,$26.30,4.8 out of 5 Stars,10 reviews
88,"Dial Liquid Hand Soap, Cucumber & Mint, 7.5 Ounce (Pack of 2)",$9.94,5 out of 5 Stars,1 reviews
89,"Dial Liquid Hand Soap, Cucumber & Mint, 7.5 Ounce (Pack of 3)",$19.94,5 out of 5 Stars,1 reviews
90,"Dial Liquid Hand Soap, Cucumber & Mint, 7.5 Ounce (Pack of 10)",$24.99,4.6 out of 5 Stars,106 reviews
91,"Special Sale - 1 Pack Of 5 - Bedside-Care No-Rinse All-Body Wash and Incontinent Cleanser COL1762 Corporation, 8.fl oz Spray, 8 oz spray By Coloplast,USA",$33.05,5 out of 5 Stars,1 reviews
92,"Tork Premium Extra Mild Liquid Soap, Unscented, 1 L, 6 Bottles (TRK400011)",$76.72,1.5 out of 5 Stars,2 reviews
93,Provon Antimicrobial Lotion Soap - 16 oz Pump,$19.35,5 out of 5 Stars,1 reviews
94,"method MTH00651CT Green Tea/Aloe Hand Wash Refill, 6 / Carton, Green",$47.36,3 out of 5 Stars,2 reviews
95,"Dial Professional, DIA00213, Antibacterial Hand Sanitizer, 8 / Carton, Clear, 16 oz",$55.01,4.3 out of 5 Stars,4 reviews
96,"Softsoap Moisturizing Hand Soap Milk & Golden Honey 7.5oz, Pack of 2",$10.99,4.6 out of 5 Stars,5 reviews
97,"Gojo, GOJ912712CT, Refill Gold/Klean Antimicrobial Lotion Soap, 12 / Carton, 27.1 fl oz (800 mL)",$52.11,4.9 out of 5 Stars,41 reviews
98,Eo Hand Sanitizer Lavender 32Oz Pump,$29.95,2.3 out of 5 Stars,4 reviews
99,Pecksniff's Gardenia and White Peach Hand Wash 16.9 oz,$24.99,5 out of 5 Stars,1 reviews
100,Royal Paper Moist Towelettes Lemon Scented Individually Wrapped 1000/Carton RF1MB,$26.43,1 out of 5 Stars,1 reviews
101,"Gentle NOURISHING Hand Soap, 3 Pack, Twisted Peppermint, Vanilla Bean Noel, Frosted Coconut Snowball",$24.95,4.9 out of 5 Stars,19 reviews
102,2 Pack WET ONES Antibacterial Hand Wipes Fresh Scent 20 Count Each,$9.98,4.7 out of 5 Stars,101 reviews
103,Dorothy Gray Satura Eye Cream 15ml/0.5oz,$14.90,3.7 out of 5 Stars,3 reviews
104,"Sani-Cloth Bleach Germicidal Disposable Wipe P54072 Case of 12, Chlorine Scent",$130.40,5 out of 5 Stars,1 reviews
105,"Kleenhanz Hand Wipes Towelettes Pail, 500 Ct",$27.92,5 out of 5 Stars,1 reviews
106,"GOJO 7255 NATURAL ORANGE Pumice Hand Cleaner Refill, Citrus Scent, 2000mL (Case of 4)",$72.46,5 out of 5 Stars,1 reviews
107,"Lead Scrubber Hand Wipe Towels, Per 40",$17.00,5 out of 5 Stars,2 reviews
108,"Lava Heavy-duty Hand Cleaner Pumice Powdered, 3 Value Packs (6 Bars)",$27.39,5 out of 5 Stars,1 reviews
109,"Gojo, GOJ191602CT, LTX-12 Pomeberry Foam Handwash Refill, 2 / Carton, Clear Blue, 40.6 fl oz (1200 mL)",$49.89,1 out of 5 Stars,1 reviews
110,"PURELL HEALTHY SOAP ES6 Dispenser, White - Dispenser for ES6 1200mL Refills - 6430-01",$19.00,1 out of 5 Stars,1 reviews
111,"method Gel Hand Soap, Green Tea + Aloe, 12 Fluid Ounce",$10.35,4.5 out of 5 Stars,2 reviews
